ean,name,price,quantity
3502632480,Camera Lens Cleaning Kit,14.99,12
8034336157,Induction Cooktop,89.99,46
9739843476,Black Bean Spaghetti,3.99,80
3409637214,Tahini,5.49,65
9441940836,Toilet Paper (12 rolls),8.99,65
8709691863,Mango Chili Salsa,4.29,4
1386416347,Kids' Gardening Tools Set,22.99,21
8538986031,Almond Flour Biscuits,6.49,55
9133658862,Kids Tablet,129.99,66
4208979232,Portable Dog Water Bottle,18.99,21
1275450180,Almond Flour Cookies,4.99,38
0602866367,Ceramic Planter Set,39.99,38
3560334950,Baked Mac and Cheese,5.99,76
1281199141,Lightweight Rain Jacket,79.99,60
1690622725,Classic Cheeseburger Mix,5.49,33
9309799536,High-Speed HDMI Cable,12.99,35
4027444086,Bamboo Charcoal Air Purifier Bags,12.99,70
9057575973,Trail Mix (Deluxe),4.59,9
4246330833,Plant Growing Kit,22.99,23
2336893037,Fruit Infuser Water Bottle,15.99,22
4336706875,Digital Food Scale,22.99,50
2333320931,Almond Flour Pancake Mix,5.99,46
6383198564,Tomatillo Salsa,3.29,2
1207308994,Spicy Hummus,3.49,25
3218249430,Faux Fur Coat,129.99,58
2146780134,Green Smoothie Mix,5.99,87
4212940523,Classic Slim Fit Shirt,49.99,15
4184066941,Ceramic Knife Set,39.99,41
5497715966,Antique Style Clock,39.99,15
4587763748,Portable Phone Mug Holder,14.99,34
7557045246,Cold Brew Coffee Maker,34.99,71
9804438682,Foam Building Blocks for Kids,22.99,22
3355467960,Almond Milk,3.29,66
0939307669,Tomato Paste,1.29,63
9097262836,Rainbow Veggie Chips,3.29,49
1957641487,Coconut Curry Lentil Soup,3.99,9
4774547123,Adjustable Skipping Rope,12.99,48
6871767266,Almond Crunch Granola Bars,3.49,95
4252010993,Rechargeable Battery Organizer,17.99,67
0341676195,Insulated Coffee Mug,24.99,81
4015679369,Organic Fruit Salad,4.49,6
2863700707,Luxury Bath Salts,19.99,45
4490515006,Jalapeño Cornbread,3.29,64
2112628739,Greek Yogurt Parfait,4.49,72
8472365018,Hummus Trio Pack,5.49,34
9443185873,Hand Crank Blender,18.99,6
5404346132,Electric Pressure Cooker,89.99,5
6597286642,Mango Chutney,3.99,61
4628564531,Graphic Hoodie,49.99,48
7275035162,Yoga Mat,25,19
4551337986,Teriyaki Stir-Fry Sauce,3.49,5
6101984516,Over-Ear Headphones,59.99,41
4658942887,Greek Yogurt,1.99,16
9047740882,Basil Pesto Pasta,6.49,28
9552352274,Craft Beer Mustard,3.99,12
0284448435,Watercolor Paint Set,19.99,91
7396067715,Heart-Shaped Baking Molds,10.99,15
5149960241,Whisk Set,12.99,36
6158135747,Sports Windbreaker,44.99,77
0938738453,Decorative LED Neon Sign,45.99,46
2047200253,Personalized Cutting Board,34.99,63
2415595020,Electric Hot Pot,49.99,80
2952192502,Vegetable Broth,2.29,41
1953696201,Reversible Swimming Pool Lounger,34.99,10
6644153895,Waterproof Rain Boots,69.99,72
5329664675,Craft Beer Mustard,3.99,83
9094240394,Maple Breakfast Sausage,5.99,54
5046473712,Fruit and Nut Medley,5.99,78
7287975149,First Aid Kit,29.99,68
2731609699,Customizable Photo Calendar,19.99,61
7677559166,Smartphone Gimbal,89.99,54
5289124802,Recipe Book Stand,22.99,36
6345725692,Wireless Induction Charger,19.99,10
5633031148,Smartphone Tripod with Remote,29.99,55
8136415706,Smart Thermostat with Wi-Fi,169.99,5
7486711052,Faux Fur Coat,129.99,64
9938965873,Comfy Slippers,29.99,46
7778256584,Smart Doorbell,119.99,68
9605141337,Ergonomic Gaming Chair,199.99,9
4357512182,Personal Blender with Travel Lid,34.99,38
2549471113,Insulated Wine Tote,24.99,51
7854697442,Mediterranean Flatbread,3.5,12
1382513615,Whole Chicken,12.99,16
8265215479,Turmeric Ginger Tea,3.29,70
7593221997,Herbed Goat Cheese,5.49,3
8474312817,Canned Sardines,3.29,60
1237208009,Basketball,29.99,66
3533391361,Foam Roller for Muscle Recovery,29.99,40
6691201914,Stylish Wireless Earbuds,59.99,37
7341961031,Lightweight Travel Backpack,39.99,1
2228830585,Adjustable Laptop Desk,59.99,74
2227296119,Hair Dryer,39.99,24
6049396884,Ergonomic Mouse Pad with Wrist Support,14.99,32
1952391350,Chipotle Black Bean Burger,4.99,22
4624760832,Tomato Sauce,2.79,19
5715931568,Miso Soup Mix,3.29,55
5725580512,Sweet Chili Sauce,2.99,75
3943092151,Tahini,5.49,44
4258918628,Collapsible Pet Dog Bowl,9.99,20
1519445989,Cocktail Shaker Set,29.99,3
0779832574,Poppy Seed Dressing,3.49,34
8989986133,Adjustable Pedicure Footrest,39.99,60
2377682189,Adjustable Standing Desk,299.99,20
6529899316,Relaxed Fit Henley Shirt,29.99,90
1710417463,Under Desk Footrest,29.99,99
6808986614,Chocolate Chip Energy Balls,3.99,97
0116024585,Ricotta Cheese,4.99,55
9688253413,Frozen Pizza,7.99,19
5097348613,Organic Black Bean Burger,4.49,98
0848882180,Wireless Mouse,25.99,66
8927510119,Tattoo Kit,99.99,59
7406936923,Memory Foam Pillow,39.99,20
3524732216,Chunky Knit Sweater,59.99,82
3325025331,Fruit Medley Juice,3.49,80
7641900313,Watercolor Brush Pens,19.99,94
7716285327,Surimi Crab Sticks,4.19,90
8457596950,Heavy-Duty Utility Tote,34.99,60
6569428780,Honey-Balsamic Vinaigrette,3.39,94
6487490164,Vegetable Spring Rolls,6.49,74
3021362516,Graphic Hoodie,49.99,60
0651084466,Scent Diffuser Oil,14.99,70
8366290972,Electric Milk Frother,19.99,24
5246021963,Casual Cropped Sweater,39.99,47
9992528044,Compact Electric Kettle,29.99,93
6873559210,Cushion Covers,35,37
5744878955,Red Lentils,1.99,27
2699956279,Hummus,4.29,13
2388621682,Grapes (red),3.49,11
3647381616,Water Bottle,18.99,8
3428460812,Maple Pecan Pancake Mix,4.99,20
9094876388,Two-Tone Windbreaker,59.99,35
1762037165,Organic Whole Grain Oats,2.49,58
5955794875,Wrap Jumpsuit,54.99,81
2249193126,Adjustable Dog Harness,24.99,37
5523724912,Lockable Bicycle Chain,19.99,36
4375709731,Chickpea Pancakes,4.99,30
6675019155,Chia Seed Pudding,3.99,74
7560347819,Denim Jacket,69.99,98
8186964495,Baked Falafel Balls,5.99,27
8358389450,LED Strip Light Kit,39.99,93
2501248198,Non-Stick Baking Sheet,18.99,59
0589713698,Collapsible Water Bottle,12.99,84
8417984356,Tomato Basil Pasta Sauce,3.99,75
9559658247,Travel Luggage Scale,14.99,56
4584862753,Travel Jewelry Case,24.99,73
5107144128,Maple Almond Yogurt,1.89,58
6110357413,Vegetable Stock,2.49,84
1541916174,Pesto Pasta Salad,4.99,60
4259376020,Wireless Gaming Mouse,39.99,39
2326375483,Biodegradable Dog Waste Bags,14.99,8
0059217057,Nutty Trail Mix,4.29,55
4340932272,Pet Carrier Backpack,39.99,25
7831816976,Compact Electric Kettle,29.99,1
3999937033,Electric Toothbrush,49.95,25
7108429322,Pet Tracking Collar,59.99,9
0398114587,Scent Diffuser,34.99,37
8174375813,Mango Chunks,4.89,50
5622275253,Non-Toxic Crayons for Kids,10.99,12
9898377208,Chocolate Chip Cliff Bars,2.49,49
6128597831,Decorative Wall Tapestry,34.99,82
8689803149,Children's Gardening Set,19.99,73
5687241469,Coloring Books for Adults,14.99,26
6724335477,Magnetic Spice Jars,24.99,56
0409656933,Savory Trail Mix,4.29,45
8173467439,Portable Ice Maker,199.99,47
5821042062,Vegan Protein Powder,34.99,46
3496662581,Spinach Artichoke Dip,4.99,39
0061032778,Beard Grooming Kit,34.99,68
6988101888,Cranberry Almond Cookies,4.29,24
0947437746,Essential White Button-Up,44.99,55
1605225371,Camping Tent,79.99,30
2885699787,Electric Wine Opener,29.99,2
2456824008,Interactive Plush Toy,34.99,96
5682285182,Tofu,2.49,76
3878119518,Yoga Strap,12.99,56
9149057200,Leather Crossbody Bag,89.99,21
5555859759,Apricot Jam,4.29,17
4393015002,Organic Cereal Bars,4.29,43
5210948293,Plant-Based Cookbook,29.99,7
8693491016,Beef Stew Meat,5.99,96
0850076900,Maple Syrup,6.99,43
2648134247,Surimi Crab Sticks,4.19,60
3380962473,Plant-Based Cookbook,29.99,44
8749512803,Bamboo Cutting Board,22,71
9852247956,Fitness Resistance Bands Set,34.99,17
3224112670,Photo Album,24.99,100
3631787979,Indestructible Dog Toy,15.99,23
5308338868,Body Wash,12.99,2
5008459309,Herbal Tea Infuser,9.99,54
1414894813,Wireless Gaming Headset,89.99,58
3715300833,Veggie Chips Variety Pack,3.79,81
2375397150,Outdoor Camping Hammock,29.99,57
5330828139,Pumpkin Spice Creamer,3.79,35
3700651112,Sushi Roll Kit,9.99,82
3631728832,Kale and Quinoa Salad,6.49,36
4891377038,Kale Chips,3.99,45
9990028508,Quinoa,4.49,89
4777020061,Savory Italian Herbs,2.99,25
9671780628,Essential Oil Roller Bottles,19.99,61
2253946427,Himalayan Salt Grinder,4.99,50
4346853161,Fleece Lined Leggings,29.99,46
2666322025,Ice Cube Tray with Lid,10.99,61
6396213184,Sweet and Spicy Barbecue Sauce,3.99,66
5234974103,Portable Solar Charger,29.99,25
9113634534,Cranberry Citrus Sauce,3.99,2
3961096384,Apricot Jam,4.29,67
5286336450,Caribbean Jerk Marinade,3.79,84
4019270465,Chocolate Coconut Protein Balls,2.99,48
1924201151,Cotton Basic Tank,14.99,33
7990231743,Caraway Rye Bread,4.79,36
4570649327,Wireless Charging Pad,19.99,68
4668186120,Almond Flour,5.99,73
1995350710,Chipotle Black Bean Salad,3.29,60
1404057498,Cacao Nibs,6.49,27
0538004177,Peanut Butter Filled Pretzels,3.99,92
2272579825,Beef Tacos,5.49,77
0921851782,Red Lentils,1.99,59
9018152129,Sunglasses Case,15.99,81
5431698788,Electric Air Pump,29.99,68
7648448149,Sweet Potatoes (organic),1.99,16
4695810751,Fresh Basil,1.99,56
7839375375,Multifunctional Baby Bottle Warmer,39.99,36
8542784650,Sustainable Wooden Toys,29.99,59
6276856460,Trail Mix (Deluxe),4.59,11
4956577796,Whole Wheat Bread,2.49,86
1806102315,Graphic Hoodie,49.99,12
7879835598,Bamboo Cotton Tank Top,22.99,5
6394181862,Lemon Herb Chicken,7.49,15
6183862401,Coconut Oil,6.49,36
6898297384,Himalayan Salt Grinder,4.99,39
6796018044,Backpacking Tent,109.99,22
3017931544,Tahini,5.49,27
0103866280,Pet Water Fountain with Filtration,39.99,25
3612680811,Car Vacuum,49.99,11
0197445381,Garlic Parmesan Roasted Nuts,4.89,21
2803272598,High-Speed Blender,99.99,48
2996150309,Almond Flour Biscuits,6.49,93
6211480776,Dark Chocolate Tart,6.29,79
5961559130,Chocolate Fudge Ice Cream,5.99,68
2254043986,Chickpea Salad Deluxe,4.29,2
7352678786,Lemon Herb Quinoa,3.49,78
3933541042,Maxi Wrap Dress,49.99,61
0168312328,Roasted Sweet Corn,1.99,42
9556706623,Teriyaki Stir-Fry Sauce,3.49,72
9324629352,Indestructible Dog Toy,15.99,36
1212271408,Art Supplies Organizer,18.99,26
7432529302,Glass Food Containers,34.99,90
6427624105,Digital Food Thermometer,19.99,22
3294736029,Mini Projector for Smartphones,99.99,20
6727409714,Camping Chair,29.99,89
6216095102,Whole Grain Hamburger Buns,2.69,8
6249841105,Peach Slices in Syrup,2.59,27
3806749183,Ceramic Bakeware Set,49.99,91
9575973348,Pretzel Bites,4.99,78
4306396177,Rechargeable Electric Screwdriver,39.99,39
1675154201,Thai Peanut Dressing,3.29,45
5448317731,Board Game,34.99,50
7426759172,Organic Quinoa Chips,3.99,27
0355583739,Almond Crunch Granola Bars,3.49,73
8545709595,Luxe Velvet Blazer,89.99,13
5472685281,First Aid Kit,29.99,81
8710134239,Chili Con Carne Mix,2.99,19
2581297980,Mini Meatballs,5.99,97
3924746141,Portable Phone Charger,29.99,74
9731880631,Ethical Wool Scarf,29.99,100
8483381281,Magnetic Whiteboard,34.99,97
8510366624,Saffron Rice Mix,2.99,59
8127655627,Vegan Cheese,4.99,18
5318815758,Blueberry Chia Jam,4.99,76
3791331124,Avocados,1.5,10
3070445357,Habanero Hot Sauce,3.79,87
3635209481,Buffalo Wing Sauce,3.99,72
6754885424,Pepperoni Pizza Roll-Ups,5.99,49
3610864559,Mini Projector,169.99,70
7193056131,Veggie Chips Variety Pack,3.79,23
1387084011,Electric Toothbrush,49.95,39
1172244820,LED Strip Lights with Remote Control,29.99,60
3674690713,Chicken Salad Kit,5.99,51
0870246291,Organic Coconut Yogurt,4.49,82
8974846888,Folding Table,59.99,14
3607484589,Sushi Rice,3.99,92
8820399334,Peanut Butter Granola,4.99,44
0687273218,Dual Function Electric Skillet,59.99,24
9902495532,Phone Case,14.99,4
3416907795,Classic Minestrone Soup,2.99,84
7368300494,Fruit & Nut Trail Mix,4.99,48
5937448928,Slim Fit Chinos,54.99,23
8820879158,Scented Candles,19.99,31
5025223431,Teriyaki Sauce,2.99,92
9659623828,Creamy Garlic Dressing,3.99,48
9405196227,Cinnamon Sugar Popcorn,2.89,69
1932460535,Baked Potato Chips,2.49,36
7065111024,Baby Monitor,79.99,82
8387470112,Honey Roasted Peanuts,3.19,99
8751057522,Balsamic Vinaigrette,2.69,13
6252352551,Camping Lantern,34.99,14
2582776335,Canvas High-Top Sneakers,49.99,35
9302500535,Compressible Packing Cubes,29.99,30
8438106765,Chili Lime Corn Chips,2.79,85
6916804335,Pasta Primavera Kit,7.49,72
3437214381,High-Top Leather Boots,99.99,76
4882526735,Poppy Seed Dressing,3.49,75
2920195166,Electric Knife,39.99,20
5549491109,Maple Glazed Carrots,3.29,55
9183445099,Sesame Garlic Noodles,3.49,99
6980788078,Portable Pet Pooper Scooper,12.99,83
3247661492,Cherry Almond Protein Bar,1.99,28
0581147820,Adjustable Dog Harness,24.99,20
0642647585,Personal Blender with Travel Cup,39.99,90
8557372787,Cream Cheese,2.69,72
2615050982,Wireless Keyboard and Mouse Combo,34.99,36
9715022499,Laptop Backpack,69.99,74
7371232615,Sporty Leggings,39.99,80
1893749304,Peas (frozen),1.89,93
7913863692,Electric Toothbrush Holder,14.99,48
2765341192,Nutritional Yeast,3.59,84
6850117610,Scented Candle Set,24.99,43
5643770660,Wall-Mounted Spice Rack,39.99,94
3152608799,Frozen Chicken Nuggets,4.49,4
3188401477,Water Bottle with Built-in Fruit Infuser,18.99,13
1270064061,Tattoo Kit,99.99,51
6226109238,Running Shorts,34.99,78
4164211253,Lemon Garlic Shrimp,8.99,46
6054042068,Organic Tomato Ketchup,3.49,92
9770806706,Frozen Mixed Berries,5.99,7
2418482251,Sliced Cucumbers,1.29,45
7379796305,Gardening Tools Set,45,17
5322044590,Frozen Edamame,3.29,88
7296625945,Red Lentils,1.99,19
8180444244,Tahini,5.49,82
1833848780,Herbal Tea Infuser,9.99,49
1852095873,Decorative Throw Pillows,29.99,89
8858272161,Cranberry Citrus Sauce,3.99,64
5186330027,Spinach and Feta Wraps,4.99,56
9756141042,Throw Pillow Covers,22.99,71
5601352283,Wireless Keyboard and Mouse Combo,34.99,71
8489585709,Portable Speaker Stand,39.99,54
8860716632,Low-Fat Cottage Cheese,2.99,90
3736621698,Coconut Granola,4.19,22
4332898117,Tailored Dress Pants,79.99,98
9880514947,Electric Heat Pad,24.99,54
6651575228,Bamboo Cotton Tank Top,22.99,17
6909149793,Canvas Tote Bag,19.99,87
2562249739,Compact Electric Kettle,29.99,30
4679224576,Cucumber,0.99,17
4527511491,Pet Waterer with Filtration,39.99,47
9128409884,Chewy Granola Bars,3.49,31
6448832637,Portable Solar Generator,399.99,60
3837710769,Fitness Jump Rope,15.99,100
2448677565,Non-Stick Crepe Pan,29.99,50
1462188494,Garden Vegetable Soup,3.29,18
0691862885,Organic Baby Carrots,2.99,85
3816647553,Organic Coconut Water,2.79,12
1019466723,Outdoor Mosquito Repellent Lantern,34.99,10
9125326236,Baking Powder,1.79,41
1783748672,Stylish Combat Boots,99.99,22
6100658739,Coconut Cashew Yogurt,1.99,59
0639607039,Mango Chunks,4.89,97
2656007925,Portable Phone Charger,29.99,43
8713509209,Electric Meat Grinder,89.99,63
4283363987,Chicken Parmesan Dinner Kit,14.99,53
9832465028,Garden Vegetable Chips,3.49,67
5202712367,Pineapple Chunks (canned),2.29,35
3098061790,Smoked Paprika,2.99,77
8105942445,Potato Wedge Seasoning,2.49,32
2736343085,Set of Measuring Spoons,12.99,18
3726566015,Adjustable Dumbbells,249.99,47
7681613978,Survival Gear Kit,59.99,96
1545634475,Cauliflower Rice Stir-Fry,4.99,76
0585564728,Maple Bacon Potato Chips,2.89,16
6128134890,Window A/C Unit,299.99,14
4401543157,Gardening Tool Belt,22.99,16
8621191466,Garlic Herb Seasoning,1.99,73
9804146002,Warm Knit Beanie,19.99,11
7096925201,Recipe Book Stand,22.99,36
0162949510,Pet Water Fountain with Filtration,39.99,54
7068089267,Almond Coconut Granola,3.99,74
6197646889,Canned Coconut Milk,1.89,70
4608628941,Vegan Protein Powder,34.99,78
4780026806,Pasta Maker,39,22
5703100623,Digital Thermostat,59.99,18
1700400282,Classic Cheeseburger Mix,5.49,98
9049201873,Home Office Chair,199.99,19
6591788395,Frozen Acai Purée,6.99,68
2321324368,High-Waisted Skirt,34.99,10
7622735655,Blackberry Jam,4.29,48
1189744708,Miso Dressing,3.49,66
4750086282,Peanut Butter Chocolate Clusters,2.99,22
7008081596,Car Vacuum,49.99,65
0629380139,Coconut Cream Pie,9.49,7
2884302913,Tea Set with Infuser,34.99,31
0086361295,Beard Grooming Kit,34.99,34
1382144385,Digital Bullet Journal,24.99,41
3922128246,Pumpkin Pie Spice,2.99,73
3452661377,Savory Mushroom Risotto,6.49,70
9857349005,Telescope,159.99,6
0697722686,Ergonomic Mouse Pad with Wrist Support,14.99,63
6250033297,Organic Black Beans,1.29,28
5733426993,Pet Grooming Brush,19.99,10
0881305804,Caramelized Onion Dip,3.99,7
4223341677,Garlic Parmesan Wings,8.99,49
3899361121,Sweet Cherry Tomatoes,2.99,78
4483110810,Pet Travel Backpack Carrier,49.99,63
2351309073,Casual Sneakers,39.99,16
0361632665,Insulated Cooler,39.99,30
2526083931,Pet Camera with Treat Dispenser,149.99,34
1563383756,Classic Caesar Dressing,3.49,87
9363295354,Kids' Building Blocks,19.99,49
3214130692,Smart Doorbell,119.99,77
6632979378,Silicone Baking Cups,10.99,94
4340628190,Vegetable Pizza Rolls,6.49,55
9271689216,Compact Hair Dryer,29.99,35
2064812393,Electric Meat Grinder,89.99,44
6296768923,Insulated Cooler,39.99,59
8378626520,Organic Green Tea,4.29,93
5603119624,Luxury Memory Foam Mattress Topper,129.99,63
0530119862,Oven Thermometer,11.99,29
3211833277,Garlic Parmesan Roasted Nuts,4.89,36
5322837841,Smartphone Tripod,29.99,87
6541724881,Whole Grain Cereal,3.49,81
3161749111,Kettle Chip Variety Pack,3.99,81
4584974829,Kale Salad with Lemon Dressing,4.99,80
3286482536,Miso Soup Starter,2.99,16
6944703823,Coconut Yogurt,3.89,34
2417737582,Pet Bed with Removable Cover,49.99,84
9387716406,Adjustable Dog Harness,24.99,57
4181525465,Kids' Building Blocks,19.99,30
7556222489,Customizable Photo Calendar,19.99,37
8435539202,DIY Organic Gardening Kit,39.99,57
2105098649,Low-Fat Yogurt,3.29,95
9829340856,Steak Seasoning Rub,2.49,70
1470609304,Pet Hair Vacuum Attachment,14.99,97
6342775427,Carrot Ginger Soup,4.29,70
9462637806,Reusable Snack Bags,14.99,66
1408612356,Rustic Italian Breads,3.99,21
3036284753,Greek Feta Cheese,4.99,15
0423522345,Chickpea Salad Deluxe,4.29,11
0217698182,Stylish Wide-Leg Trousers,59.99,75
1605376485,Maple Oatmeal,2.99,27
9183627162,Video Camera,199,35
1199639176,Garlic Breadsticks,3.49,85
8649591639,Rice Noodles,3.49,64
4246328669,Fitness Tracker,49.99,81
9330056369,Bluetooth Car Adapter,24.99,71
9833043089,Set of Measuring Spoons,12.99,11
8812134955,Paprika,1.79,35
2890858839,Cranberry Almond Granola,4.29,62
2731478470,Electric Skillet,49.99,61
6406170083,Computer Monitor Stand,29.99,37
0271243880,Organic Black Beans,1.29,21
0205575528,Multifunctional Pocket Tool,19.99,75
3920560515,Fitness Tracker Band,29.99,57
8338509094,Mango Chili Salsa,4.29,6
8325759135,Thai Red Curry Paste,3.99,2
7361257224,Outdoor Camping Hammock,29.99,98
0601950275,Lemon Herb Grilled Chicken,9.99,42
4257118261,Board Game,34.99,26
7265232127,Organic Green Tea,4.29,31
1076237509,Casual Long Cardigan,45.99,92
7231143911,Green Smoothie Mix,5.99,35
5796915290,Personal Blender with Cups,34.99,11
4395386318,Chocolate Almond Milk,2.79,29
0765472031,Classic Minestrone Soup,2.99,40
8758314768,Printed Maxi Skirt,39.99,58
4372708114,Cocktail Shaker Set,29.99,87
8287773598,Honey Nut Cheerios,4.29,82
8544479049,Vegan Mac & Cheese,8.99,24
4266925867,Solar Charger,39.99,68
0453102301,Mini Projector,169.99,50
5549907828,Grilled Veggie Burgers,6.29,1
1873824408,LED Strip Lights Kit,29.99,66
4193628973,Cinnamon Spiced Almonds,5.99,35
0036641278,Black Olives,1.99,59
8292118381,Scent Diffuser,34.99,61
8717080487,Organic Almonds,8.99,6
7007645739,Personal Security Alarm Keychain,10.99,50
2205977326,Chilli Lime Corn on the Cob,1.99,24
3133953370,Vegetable Medley,2.99,69
4301606130,Ready-to-Eat Chili,2.99,8
9397426559,Foot Spa Bath Massager,59.99,48
6770724170,Couscous Mix,2.49,71
2833910770,Foot Spa Bath Massager,59.99,11
7549136645,Compressed Towel Tablets,12.99,60
3769342070,Outdoor Folding Table,39.99,13
3449720139,Cranberry Orange Oatmeal,2.49,67
6922936264,Hiking Gaiters,29.99,95
1141564238,Buffalo Style Cauliflower Bites,5.49,51
4882483599,Garden Tool Set,34.99,12
1139368303,LED Desk Light,34.99,98
5419347768,Spaghetti Sauce,2.99,47
5850817468,Smartwatch,199.99,78
0024855618,Jennifer's Amazing Lip Balm Kit,22.99,30
7631891753,Winter Knit Beanie,14.99,33
9993652202,Roasted Red Pepper Dip,3.29,71
9007820117,Travel Eye Mask with Ear Plugs,15.99,90
9887960349,Fitness Activity Journal,14.99,25
5131731364,Smart Wi-Fi Camera,89.99,41
1178078256,Dog Frisbee Toy,10.99,88
4754315545,Smartphone Holder for Car,14.99,20
3703289147,Fitbit Activity Tracker,99.99,43
2582752975,Steak Seasoning Rub,2.49,11
5985736024,Radish Chips,2.89,30
6184670506,Sweet BBQ Dipping Sauce,3.49,59
9447355595,Black Bean Salsa,3.49,92
7217654238,Energy Bites,3.99,46
7318003119,Baby Monitor,79.99,26
4783818010,Adjustable Height Standing Desk Converter,89.99,55
8393283663,Nail Polish Set,25,1
3130912223,Outdoor Picnic Blanket,34.99,4
9064886822,Almond Joy Munch Bars,1.39,42
2134561378,Sweet Potato Mash,3.99,94
3435120371,Action Camera,199.99,51
0740206702,High-Quality Yoga Block,12.99,1
2059563968,Coconut Granola,4.19,87
2508362263,Wall-Mounted Wine Rack,39.99,87
0059872462,Whole Wheat Pasta,2.49,87
8276745121,Crispy Potato Tots,3.69,61
9514596994,Tennis Racket,89.99,34
6749999328,Asian Salad Mix,3.99,94
7160836855,Chocolate Protein Powder,24.99,50
8434645572,Miso Dressing,3.49,11
6919743353,Dual Function Electric Skillet,59.99,60
1683711149,Beef Enchilada Casserole,8.99,22
8946119039,Organic Blueberries,5.49,19
3930954982,Mechanical Pencil Set,19.99,20
6809336559,Caraway Rye Bread,4.79,69
0390248835,Garlic Butter Shrimp,8.99,97
5883165109,Pet Safety Belt for Car,14.99,40
2924039657,Smartphone UV Sanitizer,39.99,28
1097700135,Tea Set with Infuser,34.99,62
3348523877,Faux Fur Throw Blanket,39.99,35
4758671486,Pasta (Linguine),1.89,65
6059233759,Mango Chia Pudding,4.49,84
8635770277,Comfortable Bed Pillow,24.99,26
7110039293,Pet Training Clicker,5.99,26
9164949664,Electric Ice Cream Maker,59.99,44
8614616422,Fruit & Nut Trail Mix,4.99,85
5378833248,Puzzle 3D Model Kit,22.99,46
6952860959,Shower Curtain Hooks,12.99,38
2091881805,Overnight Duffle Bag,34.99,40
8569997213,Honey Garlic Shrimp,8.49,76
3068677645,Digital Drawing Tablet,79.99,43
0606242430,Herbed Goat Cheese,5.49,83
5916778899,Mechanical Pencil Set,19.99,81
9289730692,Solar Garden Lights,39.99,22
9220790084,Surimi Crab Sticks,4.19,37
6229310724,Floral Summer Dress,39.99,100
7717328739,Art Supplies Organizer,18.99,68
2345313765,Plant Growing Kit,22.99,92
2663811505,Chili Powder,2.09,2
2054801372,LED Strip Lights Kit,29.99,73
6206247619,Samsung Galaxy Smartwatch,249.99,25
9784122472,Tea Infuser Bottle,19.99,55
4151874933,Collapsible Water Bottle,12.99,83
8852497897,Zesty Garlic Hummus,3.99,12
6518706031,Pasta (Linguine),1.89,24
5977724241,Cranberry Almond Biscotti,4.19,74
6400184155,Collapsible Camping Cup,9.99,50
4591380955,Breezy Off-The-Shoulder Top,34.99,45
0464841178,Travel Orthopedic Pillow,24.99,55
8208427675,Magnetic Spice Jars,24.99,30
9847921210,Herb-Infused Olive Oil,8.99,21
0815308647,Electric Blanket,59.99,52
0582798248,Instant Read Meat Thermometer,24.99,92
9280642200,Stuffed Peppers with Quinoa,7.99,13
2274356580,Sliced Olives,1.99,37
8868759624,Caramel Apple Taffy,1.99,79
8887582939,Cheddar Cheese Slices,3.49,67
7102975686,Chino Shorts,34.99,35
2198066661,Travel Document Organizer,15.99,62
7609054232,Outdoor Adventure Backpack,59.99,76
6465333953,High-Speed Hand Blender,39.99,24
9636862338,Multifunctional Pocket Tool,19.99,49
8668217801,Scent Diffuser,34.99,97
6948959121,Stainless Steel Mixing Bowls,29.99,41
2675346926,Mango Chia Pudding,4.49,80
2650254556,USB Wall Charger,19.99,48
4982654301,Savory Oatmeal Cups,1.99,77
4122835704,Wall Art,45,20
5265627529,Organic Honeycrisp Apples,1.99,7
6646747229,Fitness Jump Rope with LCD Counter,15.99,86
7109725138,Honey BBQ Riblets,12.99,40
4123352383,Mango Sticky Rice Dessert,4.5,40
0638744903,Puff Pastry,5.49,93
1547126299,Cheddar Cheese Crackers,2.29,27
6471276567,Hot Salsa,2.29,60
1439068119,Spicy Salsa Verde,3.49,2
6198346285,Eggs (dozen),2.99,10
6617523865,Chicken Breasts,9.99,62
5608201035,Laundry Detergent,12.99,67
9389846773,Herb-Infused Olive Oil,8.99,59
5275798903,Waffle Maker,39.99,58
9665077791,Bodyweight Resistance Bands,22.99,8
4981902255,Cauliflower Rice Stir-Fry,4.99,17
4965453794,Vanilla Ice Cream,4.99,30
8781006225,Granulated Sugar,2.49,28
8134239870,Picnic Blanket,29.99,95
1216713944,Rice Noodles,3.49,38
5876612332,Vegetable Broth,2.29,48
0579086925,Kid's Fruit Snacks,2.49,62
1444197991,Reclining Camping Chair,49.99,6
2075649375,Indoor Grill,59.99,89
1307905471,Mini Projector for Smartphones,99.99,71
1066690553,Maple Cinnamon Almonds,4.29,95
7216918762,Ultraviolet Phone Sanitizer,39.99,22
2052540172,Bike Repair Tool Kit,29.99,70
6539474725,Mini Air Hockey Table,39.99,82
3325282792,Waffle Maker,39.99,72
3850318001,DIY Candle Kit,34.99,43
9690486055,Hummus Variety Pack,5.99,60
8884175593,Memory Card,15.99,13
7709559484,Garden Hoses with Expandable Features,34.99,20
7664339545,Apple Juice,3.29,58
1236932536,LED Disco Ball Light,19.99,61
0612906515,Slingback Sandals,29.99,14
2756461229,Summer Tank Dress,39.99,41
6802820307,Wild Rice Pilaf,3.79,64
8169321174,Coffee Grinder,39.99,93
8183647596,Natural Soy Candles,19.99,64
9244925680,Baking Soda,0.99,80
4191859862,Magnetic Whiteboard,34.99,96
7367101587,Decorative Throw Blanket,39.99,82
9036622867,Pineapple Coconut Rice Mix,3.99,27
1991100175,Balsamic Vinegar,4.99,34
4591891887,Sea Salt Tortilla Chips,2.49,30
5875011475,Indoor Plants,19.99,27
9604397036,Miso Dressing,3.49,13
4624875346,Microwave Popcorn Maker,19.99,34
8019322256,Peach Slices in Syrup,2.59,4
6126248724,Wireless Charging Station,39.99,53
2829038703,Athletic Sports Bra,24.99,50
6331574514,Floral Wrap Top,49.99,48
3363004052,Yoga Blocks,29.99,52
3353419446,Outdoor Camping Hammock,29.99,54
4498889827,Asian Stir-Fry Vegetables,2.99,50
2375266285,Oats,3.29,17
0951806955,Adjustable Stand for Tablets and Smartphones,19.99,19
4459268051,Kale Salad with Lemon Dressing,4.99,48
0666109923,Computer Monitor Stand,29.99,12
8508323638,Set of Silicone Cooking Utensils,29.99,6
9048824346,Hummus Trio Pack,5.49,1
5274371752,Smartwatch,199.99,49
4812027683,Peanut Butter Filled Pretzels,3.99,63
2368780807,Cacao Nibs,6.49,9
9728821751,Honey Sesame Chicken Mix,8.99,89
9478519263,Trainers with Mesh Inserts,69.99,37
2849877174,Travel Beach Blanket,29.99,9
2944759760,Pesto Pasta Salad,4.99,17
2696250766,Lentil Soup (canned),1.99,78
3309618439,Coconut Macaroons,4.99,55
6497738975,Electric Toothbrush,49.95,63
2356710094,Dried Fruit Medley,5.49,3
2517701180,Pepperoni Pizza Roll-Ups,5.99,91
3748938667,Potato Wedge Seasoning,2.49,87
9750361075,Cheesy Cauliflower Bake,5.49,37
3846041998,LED Makeup Mirror,39.99,35
5105969863,LED Desk Lamp,35,6
8365855771,LED Strip Lights with Remote Control,29.99,80
1416898336,Foam Muscle Roller,24.99,94
6152117380,Adjustable Standing Desk,299.99,55
2031598058,Portable Folding Picnic Table,69.99,84
5079909110,Smartphone Stand,15.49,82
5324520659,Vegetable Curry,5.99,94
3684054127,Mediterranean Chickpea Bowl,6.49,66
9336779923,Adjustable Yoga Mat Strap,14.99,86
0632219262,Electric Heat Press Machine,99.99,24
2501379403,Bicycle Lock,29.99,1
8630539496,Frozen Broccoli,2.49,72
0427713463,Crispy Chickpeas,2.99,5
5510600543,Italian Meatballs,8.49,92
9203849068,Microfiber Cleaning Cloth Set,9.99,52
0446278149,Carrot Ginger Soup,4.29,9
9840281844,Adjustable Pet Grooming Table,109.99,63
9439967129,Tea Set with Infuser,34.99,50
7583700272,Dog Training Collar,39.99,100
2161556665,Mango Sticky Rice Dessert,4.5,87
0564623822,Thai Coconut Curry Sauce,3.99,81
1908542268,Reusable Produce Bags Set,14.99,27
8771298045,Roasted Red Pepper Hummus,3.49,68
1383753628,Garden Hose,32.99,25
0872701859,Compact Umbrella,12.99,1
6487450006,Lemon Herb Grilled Chicken,9.99,77
3362902774,Roasted Red Pepper Dip,3.29,10
7376774114,Decorative Wall Tapestry,34.99,61
5036313232,Sesame Seeds,1.99,43
2000331866,Beet Salad,3.99,6
2985340187,Chocolate Mint Protein Shake,3.99,6
2709253402,LED Desk Lamp,35,90
3931984990,Mesh Laundry Bags Set,12.99,20
5286067972,Cranberry Orange Juice,2.49,58
6730940530,Protein Powder,44.99,71
6032356914,Chocolate Avocado Pudding,4.99,27
2858617228,Organic Quinoa,4.29,53
4137081913,Pine Nuts,7.99,68
6149366022,Spice Rack,39.99,17
0798281111,Tailgating Set,89.99,15
6170743263,Vegan Chickpea Salad,3.99,69
2070803007,Roasted Garlic,4.29,78
9118752861,Set of Silicone Cooking Utensils,29.99,19
0332641627,Surimi Crab Sticks,4.19,37
3801587746,Peach Mango Smoothie Mix,5.99,19
9805376370,Fashionable Fanny Pack,24.99,78
9285035620,Whole Grain Mustard,3.49,19
6324263509,Dishwasher Safe Cutting Board,22.99,46
0188715762,Pet Safety Harness,24.99,21
8556513018,Pet Hair Removal Brush,14.99,89
9780676317,Vegan Caesar Dressing,3.99,7
9917516522,Sesame Garlic Noodles,3.49,37
5075995470,Garlic Herb Cream Cheese,2.99,11
7033484291,Eco-Friendly Stainless Steel Straws,12.99,67
4414531497,Organic Whole Grain Oats,2.49,10
7305344990,Rice Cakes,2.29,18
5594027521,Garlic Butter Sauce,3.59,29
2534824708,Cranberry Lime Sparkling Water,1.5,36
9198077309,Eco-Friendly Beeswax Wraps,14.99,10
7448806297,Air Purifier,129.99,31
3601098784,Balsamic Salad Dressing,2.99,5
9642549409,Free-Range Eggs,3.99,2
8154149893,Peanut Butter Protein Balls,5.29,7
8105791641,Italian Marinara Sauce,3.29,51
4711561145,Chicken Parmesan Dinner Kit,14.99,5
9849431857,Non-Stick Baking Sheet,18.99,51
5580785518,Oven Mitts,15.99,80
0416567533,Photo Album,24.99,39
5901702239,Weighted Blanket for Adults,59.99,40
3536046924,LED Strip Lights with Remote Control,29.99,12
4254075634,Premium Flashlight,19.99,12
4204631428,Dog Training Whistle,8.99,79
1987525469,Ricotta Cheese,4.99,73
0113828594,Fashionable Fanny Pack,24.99,80
2297476582,Wireless Earbud Silicone Covers,9.99,66
9077287590,Sliced Bell Peppers,3.99,84
5585599267,Organic Coconut Yogurt,4.49,20
2277380784,Cranberry Lime Sparkling Water,1.5,16
1107179327,Pineapple Chunks (canned),2.29,19
9346704624,Vintage Graphic Tee,25.99,23
5321412642,Almond Coconut Granola,3.99,40
4876379076,Wrap Jumpsuit,54.99,53
5717297181,Pumpkin Seeds,2.79,18
1105088839,Cocoa Powder,3.99,36
0755306953,Winter Knit Beanie,14.99,90
1482851911,Baked Potato Chips,2.49,39
8694606976,Personalized Cutting Board,34.99,63
0970732740,Cinnamon Ice Cream,4.99,52
6068502279,Chocolate Chip Cliff Bars,2.49,27
6177720269,Travel Jewelry Organizer,19.99,7
7053838781,Outdoor Sports Backpack,49.99,50
6513645360,Mint Chocolate Chip Ice Cream,4.99,62
5817436558,Juice Extractor,99.99,19
4114001247,Outdoor Sports Backpack,49.99,63
0352567481,Chickpea Salad Deluxe,4.29,96
1926455843,Sesame Garlic Noodles,3.49,34
5569117628,Poppy Seed Dressing,3.49,35
1454958650,Portable Speakers,69.99,38
2735129829,Silicone Cooking Utensils Set,34.99,48
8262003330,Cinnamon Ice Cream,4.99,39
1176361058,Smartphone Tripod with Remote,29.99,84
0988224194,Basil Pesto Pasta,6.49,7
8537381802,Magnetic Puzzle Board,24.99,98
4601235138,Asian Noodle Salad Kit,4.99,73
3497803413,Harvest Grain Salad,5.49,9
5256399497,Garlic Naan Bread,3.99,84
3099443484,Sweet Cherry Tomatoes,2.99,61
8236840158,Canvas High-Top Sneakers,49.99,36
4472168111,Vegetarian Stir Fry Sauce,2.49,59
3722008557,Magnetic Puzzle Board,24.99,29
1883646898,Gluten-Free Brownies,4.99,99
6679945720,Red Lentils,1.99,16
6543350644,Vegan Mayonnaise,4.49,39
6306383018,Sweet Potato Chips,2.99,86
6545229044,Compact Portable Grill,79.99,12
2818968720,Chilli Lime Corn on the Cob,1.99,3
3862720837,Pumpkin Spice Coffee,7.99,53
3198285232,Stainless Steel Water Pitcher,39.99,67
9624375283,Basmati Rice,5.79,76
4283409294,Almond Quinoa Salad,5.99,32
0706555015,Almond Butter Granola Bars,4.99,14
1509471049,Herbed Chicken Breast,7.99,99
7160484533,Outdoor Portable Fire Pit,149.99,65
0137687176,LED Desk Lamp with USB Charging,39.99,9
5329554594,Electric Fondue Pot,39.99,75
9402051376,Maple Cinnamon Granola,4.29,38
7583792665,Instant Read Meat Thermometer,24.99,18
4051326063,Active Racerback Tank,24.99,3
3173571673,Interactive Robot Toy,34.99,18
0133130916,Mini Fondue Set,34.99,78
0911257845,Honey Roasted Almonds,4.99,76
7936868771,Foldable Yoga Mat,29.99,79
7369181626,Quinoa & Black Bean Salad,7.49,77
3508184234,Casual Long Cardigan,45.99,4
6709063127,Smartphone Tripod,29.99,44
4593114373,Wireless Charger,24.99,65
4864023913,Portable Bluetooth Headphones,79.99,45
1194741983,Electric Heat Pad,24.99,56
4688631006,Stainless Steel Grater,14.99,15
1893826627,Portable Dog Water Bottle,18.99,29
8136077576,Garden Hose,32.99,6
1329403711,Chocolate Coconut Granola,3.79,10
6290201115,Personalized Cutting Board,34.99,39
3879022771,Mushrooms,2.99,90
3491868157,Cheddar & Bacon Potato Skins,7.49,73
5253205764,Silicone Baking Mat Set,24.99,42
1386793388,Spaghetti Squash,3.99,73
2064816909,Basil Lemonade,2.99,64
0125953887,Cinnamon Sugar Popcorn,2.89,89
1348813229,Granola,4.79,9
5480393413,Portable Water Filter,29.99,78
8415563922,Electric Stir Fry Pan,49.99,17
4322164285,Classic Cheesecake Mix,4.99,8
4246725811,Zesty Garlic Marinade,4.49,90
6864213749,Cheddar Cheese Crackers,2.29,92
0682924970,Vanilla Protein Powder,24.99,30
7755916987,Golf Polo Shirt,39.99,75
7104223150,Avocado Lime Dressing,4.29,86
7924752625,Chilli Lime Corn on the Cob,1.99,62
4747971319,Almond Flour Biscuits,6.49,74
0657230081,Motion Sensor Light,19.99,13
7998893133,Almond Butter Cookies,4.49,58
6097715994,Pork Chops,9.49,53
2598928555,Professional Chef Knife,89.99,59
0984757627,Beef Stroganoff Meal Kit,12.99,13
6500782224,Adjustable Laptop Desk,59.99,80
8261113426,Backpack,49.99,28
9201521758,Poppy Seed Dressing,3.49,24
7045577400,Stylish Combat Boots,99.99,49
9122847073,Blue Corn Tortilla Chips,3.49,70
4376893161,Avocado Oil,8.49,17
2091770116,Wireless Car Charger,24.99,18
2932510568,Travel Pillow,22.99,39
3367605808,Brownie Bites,4.99,44
9223003547,Teriyaki Chicken Skewers,8.99,96
6483849753,Children's Gardening Set,19.99,40
9282997103,Smartphone Holder for Car,14.99,32
7161801605,Cinnamon Ice Cream,4.99,30
1581570864,Miso Dressing,3.49,1
7365539704,Mango Sticky Rice Dessert,4.5,29
1034021729,Luxury Bath Salts,19.99,64
0378070525,Veggie Lovers Pizza,8.99,23
5269007509,Vegetable Curry,5.99,48
3893074635,Buffalo Style Cauliflower Bites,5.49,57
5541275636,Stylish Wireless Earbuds,59.99,27
0230622135,Mediterranean Flatbread,3.5,19
8774401874,Trendy Bomber Jacket,69.99,46
8114054301,Banana Peanut Butter Smoothie,5.49,92
0516981161,Organic Whole Grain Oats,2.49,51
4717178793,Surimi Crab Sticks,4.19,25
5227727902,Pet Safety Belt for Car,14.99,31
2605254690,Chocolate Syrup,2.99,82
7329111201,Crispy Tofu Bites,4.99,8
9356763364,LED Desk Light,34.99,72
0022809945,Honey BBQ Ribs,12.99,27
0860460959,Natural Soy Candles,19.99,27
1208963015,Multi-Purpose Scissors,8.99,15
3990855093,Kids' Trampoline,139.99,95
6597318110,Vegetarian Sausage Links,5.89,72
6511724786,Electric Food Steamer,59.99,12
1589531345,Magic Color-Changing Mug,14.99,81
3449710354,Portable Hammock Swing,59.99,60
1230289410,Sculpting Kit,25.99,91
2457623790,Organic Almond Flour,6.99,12
1967418187,Wall Calendar,17.99,83
9015243107,Granulated Sugar,2.49,30
5751992334,Kale Caesar Salad Kit,5.99,33
1062850874,Kids' Learning Tablet,129.99,47
3168348716,V-Neck Sweater,49.99,18
4811555619,Adjustable Stand for Tablets and Smartphones,19.99,57
0339409452,Backpacking Tent,109.99,34
2096447429,Jump Rope with Counter,12.99,62
2707432210,Honey Almond Granola Bars,3.99,34
1766028810,Sriracha Chili Sauce,2.79,9
1162524871,Knitted Infinity Scarf,29.99,60
1237858976,Plaid Flannel Shirt,29.99,70
2657621678,Pistachios,6.99,44
4223496212,Baby Monitor,79.99,77
6409738803,Indestructible Dog Toy,15.99,56
1799520161,Garden Hose,32.99,58
7393445816,Robot Vacuum Cleaner,299.99,62
0309585155,Self-Stirring Mug,19.99,12
2729612424,Teriyaki Tofu Stir-Fry,7.49,55
6474647264,Bamboo Cutting Board Set,34.99,15
4942798310,Savory Oats,2.49,27
8108390680,Sliced Strawberries,4.99,54
7513282048,Barbecue Chicken Pizza,8.99,74
9094172380,Almond Joy Munch Bars,1.39,41
9015198624,Oversized Denim Shirt,49.99,17
9480218941,Dog Car Seat Cover,39.99,90
4901977717,Savory Pumpkin Soup,3.89,86
7436334115,BBQ Jackfruit,4.29,94
1836253761,Maple Bacon Jerky,6.99,56
5151082183,Sliced Olives,1.99,8
4888206708,Spicy Roasted Nuts,4.99,17
1498603459,Italian Herb Balsamic Marinade,3.99,46
8886852630,Spicy Tuna Rolls,6.49,47
3393101145,Oven-Baked Chicken Tenders,6.99,10
5920012757,Sliced Cucumbers,1.29,74
2906281875,Honey Mustard Pretzel Bites,3.99,9
2477826409,Coconut Curry Lentil Soup,3.99,88
5122584095,Pear and Gorgonzola Salad,5.49,48
4980439810,Buffalo Style Cauliflower Bites,5.49,15
4663667430,Kale Chips,3.99,4
2059621275,Laptop Sleeve,24.99,51
5018724765,Cajun Seasoning,1.99,46
4418841911,Cocktail Shaker Set,29.99,81
1720294909,Almond Coconut Granola,3.99,51
9222502051,Ricotta Cheese,4.99,84
6139071704,Marinara Sauce,3.49,13
9305768180,Sliced Turkey Breast,5.49,73
0303124334,Mini Hand Gesture Drone,29.99,58
6389548168,Classic Caesar Salad Kit,4.99,68
8296683989,Potting Soil,15.99,30
1980486050,High-Pressure Handheld Shower Head,39.99,34
9728752261,Gaming Mousepad,19.99,63
6499590673,Pesto Genovese,6.49,91
3884720120,Stainless Steel BBQ Grill Set,49.99,29
0259784958,Electric Skillet,49.99,2
3303886601,Tailored Blazer,99.99,7
7996565643,Adjustable Kneeling Pad,18.99,78
2230858556,Baked Falafel Balls,5.99,82
2416985078,Pumpkin Pie Spice,2.99,31
4648371151,Cheesy Cauliflower Bake,5.49,78
8914058093,Mixed Nuts,5.99,8
5359090782,Chocolate Chip Pancake Mix,3.99,15
6524527232,Trail Mix (Deluxe),4.59,12
4108114876,Overnight Duffle Bag,34.99,93
3925397590,Raspberry Tart,5.49,83
7916308525,Board Game Storage,19.99,97
4105815113,Thai Basil Fried Rice,5.99,12
0550264310,Curried Lentil Salad,4.29,76
8972733172,Portable Dog Water Bottle,18.99,1
4441558244,Vanilla Ice Cream,4.99,23
0579983315,Beef Chili,4.5,66
9304355672,Mint Chocolate Chip Ice Cream,4.99,56
3662428091,Chicken Breasts,9.99,57
7279007929,Vegetarian Stir Fry Sauce,2.49,32
0892425822,Multi-Purpose Scissors,8.99,97
4040313593,Honey Nut Cheerios,4.29,23
6900756425,Men's Waterproof Hiking Boots,89.99,98
0000196983,Avocado Oil,8.49,81
5015498888,Pet Water Bottle,18.99,7
0765834200,Vegetable Broth,2.29,57
7181736450,Skincare Fridge,39.99,26
9789074565,Foot Spa Bath Massager,59.99,32
8495884100,Face Mask Set,19.99,75
6111049526,Dark Chocolate Covered Almonds,7.19,58
9509438219,Almond Butter Cookies,4.49,23
8580244862,Cocktail Shaker Set,29.99,10
5755699097,Running Shorts,34.99,38
8745800308,Peach Slices in Syrup,2.59,14
3249271454,Cheesy Broccoli Soup Mix,2.99,82
4246018384,Beef Sirloin Steak,15.99,41
1705957064,Sourdough Bread,4.99,29
2153693721,Wall-Mounted Spice Rack,39.99,19
1743932693,Coffee Grinder,39.99,43
5234578658,Body Pillow Case,14.99,60
5115038374,Luxe Velvet Blazer,89.99,4
0286359146,Coloring Books for Adults,14.99,8
6597825438,Portable Phone Mug Holder,14.99,87
4555116755,Cranberry Pecan Granola,3.99,64
3306023035,Electric Fondue Pot,39.99,12
0251711781,Peanut Butter Protein Balls,5.29,43
1848220200,Wall-Mounted Spice Rack,39.99,76
1087391911,Kids' Building Blocks,19.99,93
3399694857,Honey Nut Cheerios,4.29,24
6605833368,Kale Salad Kit,4.99,25
8305104605,Italian Herbal Seasoning,1.99,91
4085533428,Breathable Face Mask Set,14.99,44
4387046058,Digital Photo Frame,79.99,12
4061155873,Garlic Herb Marinade,3.29,58
5315068161,Smartphone Camera Lens Kit,19.99,66
3898378624,Cabbage,1.29,17
5512161075,Honey Nut Cheerios,4.29,59
6628144410,Organic Italian Seasoning,2.99,71
9699533579,Almond Milk,3.29,53
8801857829,Mini Pretzels,2.99,79
3600455818,Pumpkin Waffles,4.49,47
3113123860,Wireless Gaming Headset,89.99,92
3917830213,Smartphone Tripod with Remote,29.99,8
4555948521,Mashed Sweet Potatoes,3.99,88
3077427370,Pet Tracking Collar,59.99,25
5875387823,Spiralizer,22.99,16
1723260967,Maple Pecan Oatmeal Cookies,3.99,99
6532268038,Ice Cream Scoop,12.99,26
1333565291,Chipotle Seasoning Blend,2.49,49
8304716240,Pet Travel Bed,26.99,44
2052090509,Classic Black Dress,79.99,33
2828417727,Deep Tissue Massage Gun,89.99,87
3010733062,Cinnamon Rolls,4.49,64
0554863081,Smart Water Bottle,39.99,28
1708376771,Cinnamon Spiced Almonds,5.99,57
7114844166,Zucchini Noodles,3.99,36
0030325951,Ceramic Cookware Set,179.99,89
1216748144,Casual Sneakers,39.99,72
6284450249,Herb Seasoned Couscous,2.49,61
6932016621,Spicy Tuna Rolls,6.49,97
4502705802,Two-Tone Windbreaker,59.99,9
8249925297,BBQ Lentil Chips,3.49,90
2711046257,Canned Coconut Milk,1.89,69
0410271667,Coconut Cream Pie Yogurt,1.99,61
1518284132,Mini Cordless Vacuum Cleaner,45.99,27
9867422988,Travel Hair Straightener,29.99,49
